﻿<?xml version="1.0" encoding="utf-8"?>
<deployment>
  <id>bec0ecf5f6fd4b2ee20c21cb0f7052a438f955d11753621184543</id>
  <author>GraniLuk</author>
  <deployer>GitHub</deployer>
  <authorEmail />
  <message>{"type":"Deployment","sha":"bec0ecf5f6fd4b2ee20c21cb0f7052a438f955d1","repoName":"GraniLuk/CryptoReportBot","actor":"GraniLuk","slotName":"production"}</message>
  <progress />
  <status>Success</status>
  <statusText />
  <lastSuccessEndTime>2025-07-27T12:59:45.8116985Z</lastSuccessEndTime>
  <receivedTime>2025-07-27T12:59:45.8116985Z</receivedTime>
  <startTime>2025-07-27T12:59:45.8116985Z</startTime>
  <endTime>2025-07-27T12:59:45.8116985Z</endTime>
  <complete>True</complete>
  <is_temp>False</is_temp>
  <is_readonly>True</is_readonly>
  <buildSummary />
</deployment>