﻿<?xml version="1.0" encoding="utf-8"?>
<deployment>
  <id>7af789c59a2e147815ce1a837f064987543c6f4d1753626463203</id>
  <author>GraniLuk</author>
  <deployer>GitHub</deployer>
  <authorEmail />
  <message>{"type":"Deployment","sha":"7af789c59a2e147815ce1a837f064987543c6f4d","repoName":"GraniLuk/CryptoReportBot","actor":"GraniLuk","slotName":"production"}</message>
  <progress />
  <status>Success</status>
  <statusText />
  <lastSuccessEndTime>2025-07-27T14:27:45.2991922Z</lastSuccessEndTime>
  <receivedTime>2025-07-27T14:27:45.2991922Z</receivedTime>
  <startTime>2025-07-27T14:27:45.2991922Z</startTime>
  <endTime>2025-07-27T14:27:45.2991922Z</endTime>
  <complete>True</complete>
  <is_temp>False</is_temp>
  <is_readonly>True</is_readonly>
  <buildSummary />
</deployment>