﻿<?xml version="1.0" encoding="utf-8"?>
<deployment>
  <id>eb1c6d20e2020e1e93cf4402179f6ad5405a8d9e1753638982307</id>
  <author>GraniLuk</author>
  <deployer>GitHub</deployer>
  <authorEmail />
  <message>{"type":"Deployment","sha":"eb1c6d20e2020e1e93cf4402179f6ad5405a8d9e","repoName":"GraniLuk/CryptoReportBot","actor":"GraniLuk","slotName":"production"}</message>
  <progress />
  <status>Success</status>
  <statusText />
  <lastSuccessEndTime>2025-07-27T17:56:24.4807225Z</lastSuccessEndTime>
  <receivedTime>2025-07-27T17:56:24.4807225Z</receivedTime>
  <startTime>2025-07-27T17:56:24.4807225Z</startTime>
  <endTime>2025-07-27T17:56:24.4807225Z</endTime>
  <complete>True</complete>
  <is_temp>False</is_temp>
  <is_readonly>True</is_readonly>
  <buildSummary />
</deployment>