﻿<?xml version="1.0" encoding="utf-8"?>
<deployment>
  <id>8179d7e1fb90293f51b13c8c4aab63541712cfa81753633613016</id>
  <author>GraniLuk</author>
  <deployer>GitHub</deployer>
  <authorEmail />
  <message>{"type":"Deployment","sha":"8179d7e1fb90293f51b13c8c4aab63541712cfa8","repoName":"GraniLuk/CryptoReportBot","actor":"GraniLuk","slotName":"production"}</message>
  <progress />
  <status>Success</status>
  <statusText />
  <lastSuccessEndTime>2025-07-27T16:26:57.9540287Z</lastSuccessEndTime>
  <receivedTime>2025-07-27T16:26:57.9540287Z</receivedTime>
  <startTime>2025-07-27T16:26:57.9540287Z</startTime>
  <endTime>2025-07-27T16:26:57.9540287Z</endTime>
  <complete>True</complete>
  <is_temp>False</is_temp>
  <is_readonly>True</is_readonly>
  <buildSummary />
</deployment>